GradientBoosting, RandomForest, XGBoost, DeepGBoost, diff_DeepGBoost_vs_GradientBoosting, diff_DeepGBoost_vs_RandomForest, diff_DeepGBoost_vs_XGBoost
0.5553147724481662, 0.5355877252773773, 0.4889746308326721, 0.49432963189887724, -0.06098514054928894, -0.04125809337850006, 0.005355001066205123
0.5333720374701385, 0.5404931314623338, 0.5050204992294312, 0.502611089194551, -0.030760948275587507, -0.0378820422677828, -0.002409410034880155
0.527607876506852, 0.5216326064068879, 0.45335960388183594, 0.4803819588479893, -0.04722591765886275, -0.04125064755889862, 0.02702235496615335
0.536419408503698, 0.5413617815973246, 0.5183260440826416, 0.5103203409880115, -0.02609906751568647, -0.03104144060931313, -0.008005703094630112
0.5223682004465121, 0.5054042853153647, 0.46620023250579834, 0.4660705205225081, -0.05629767992400403, -0.03933376479285666, -0.00012971198329025935
