{
  "config": {
    "n_layers": 10,
    "n_trees": 10,
    "tag": "10L_10T"
  },
  "results": {
    "Adult": {
      "DeepGBoost_mean": 0.8469763717611288,
      "DeepGBoost_std": 0.002419265311670688,
      "XGBoost_mean": 0.871459516804949,
      "GradientBoosting_mean": 0.8628739215060228,
      "RandomForest_mean": 0.8461052552687063,
      "gap_vs_XGBoost": -0.02448314504382021,
      "gap_vs_GradientBoosting": -0.01589754974489399
    },
    "BankMarketing": {
      "DeepGBoost_mean": 0.8905766774717743,
      "DeepGBoost_std": 0.0031697543038929606,
      "XGBoost_mean": 0.903247781509134,
      "GradientBoosting_mean": 0.8973415577992503,
      "RandomForest_mean": 0.8959394232190881,
      "gap_vs_XGBoost": -0.012671104037359715,
      "gap_vs_GradientBoosting": -0.006764880327476019
    },
    "Abalone": {
      "DeepGBoost_mean": 0.53720433523041,
      "DeepGBoost_std": 0.00670054329505585,
      "XGBoost_mean": 0.53323252771726,
      "GradientBoosting_mean": 0.5426910497011368,
      "RandomForest_mean": 0.5397054265807036,
      "gap_vs_XGBoost": 0.003971807513149961,
      "gap_vs_GradientBoosting": -0.0054867144707267945
    },
    "Penguins": {
      "DeepGBoost_mean": 0.9905035083416933,
      "DeepGBoost_std": 0.008892895748385476,
      "XGBoost_mean": 0.9952355989303152,
      "GradientBoosting_mean": 0.988164583771478,
      "RandomForest_mean": 0.9952355989303152,
      "gap_vs_XGBoost": -0.004732090588621896,
      "gap_vs_GradientBoosting": 0.0023389245702153394
    }
  }
}