{
  "config": {
    "n_layers": 5,
    "n_trees": 20,
    "tag": "5L_20T"
  },
  "results": {
    "Adult": {
      "DeepGBoost_mean": 0.8404980494023034,
      "DeepGBoost_std": 0.00261574835067026,
      "XGBoost_mean": 0.871459516804949,
      "GradientBoosting_mean": 0.8628450186225777,
      "RandomForest_mean": 0.8453982379089775,
      "gap_vs_XGBoost": -0.030961467402645604,
      "gap_vs_GradientBoosting": -0.022346969220274238
    },
    "BankMarketing": {
      "DeepGBoost_mean": 0.8995150235175015,
      "DeepGBoost_std": 0.0031695681111136094,
      "XGBoost_mean": 0.903247781509134,
      "GradientBoosting_mean": 0.897370774324321,
      "RandomForest_mean": 0.8953171753157729,
      "gap_vs_XGBoost": -0.0037327579916325293,
      "gap_vs_GradientBoosting": 0.0021442491931804586
    },
    "Abalone": {
      "DeepGBoost_mean": 0.5339701278493869,
      "DeepGBoost_std": 0.006124782190558424,
      "XGBoost_mean": 0.53323252771726,
      "GradientBoosting_mean": 0.5423037783199459,
      "RandomForest_mean": 0.542043901301046,
      "gap_vs_XGBoost": 0.0007376001321268699,
      "gap_vs_GradientBoosting": -0.008333650470559006
    },
    "Penguins": {
      "DeepGBoost_mean": 0.9904959956849135,
      "DeepGBoost_std": 0.008894929148283751,
      "XGBoost_mean": 0.9952355989303152,
      "GradientBoosting_mean": 0.990542328042328,
      "RandomForest_mean": 0.9952355989303152,
      "gap_vs_XGBoost": -0.00473960324540168,
      "gap_vs_GradientBoosting": -4.633235741446917e-05
    }
  }
}