{
  "config": {
    "n_layers": 20,
    "n_trees": 5,
    "tag": "baseline_20L_5T"
  },
  "results": {
    "Adult": {
      "DeepGBoost_mean": 0.8496890231924459,
      "DeepGBoost_std": 0.0022324561070703195,
      "XGBoost_mean": 0.871459516804949,
      "GradientBoosting_mean": 0.8628739215060228,
      "RandomForest_mean": 0.8447882595483959,
      "gap_vs_XGBoost": -0.02177049361250316,
      "gap_vs_GradientBoosting": -0.013184898313576943
    },
    "BankMarketing": {
      "DeepGBoost_mean": 0.8822383507863266,
      "DeepGBoost_std": 0.003107059481598075,
      "XGBoost_mean": 0.903247781509134,
      "GradientBoosting_mean": 0.8973951865960951,
      "RandomForest_mean": 0.8953026952234,
      "gap_vs_XGBoost": -0.021009430722807365,
      "gap_vs_GradientBoosting": -0.015156835809768454
    },
    "Abalone": {
      "DeepGBoost_mean": 0.5450207195730793,
      "DeepGBoost_std": 0.008941641471694678,
      "XGBoost_mean": 0.53323252771726,
      "GradientBoosting_mean": 0.5406941763409504,
      "RandomForest_mean": 0.543531814745547,
      "gap_vs_XGBoost": 0.011788191855819252,
      "gap_vs_GradientBoosting": 0.004326543232128888
    },
    "Penguins": {
      "DeepGBoost_mean": 0.9881182514140635,
      "DeepGBoost_std": 0.00751919225732173,
      "XGBoost_mean": 0.9952355989303152,
      "GradientBoosting_mean": 0.990542328042328,
      "RandomForest_mean": 0.9952355989303152,
      "gap_vs_XGBoost": -0.007117347516251704,
      "gap_vs_GradientBoosting": -0.002424076628264493
    }
  }
}