GradientBoosting, RandomForest, XGBoost, DeepGBoost, diff_DeepGBoost_vs_GradientBoosting, diff_DeepGBoost_vs_RandomForest, diff_DeepGBoost_vs_XGBoost
0.8610157714747073, 0.8494676258825591, 0.8680609072077478, 0.6553390673158792, -0.2056767041588281, -0.19412855856667988, -0.21272183989186855
0.8589069372884454, 0.8478268148336268, 0.871238074089992, 0.6553390673158792, -0.20356786997256615, -0.19248774751774755, -0.21589900677411278
0.8604998265257571, 0.8473256480266482, 0.8646655868166193, 0.6553390673158792, -0.20516075920987786, -0.19198658071076902, -0.2093265195007401
0.8550421580512111, 0.8447969860482611, 0.870073036458795, 0.6553390673158792, -0.19970309073533188, -0.18945791873238194, -0.21473396914291576
0.8564086543923001, 0.8436715759316489, 0.867597631404142, 0.6553390673158792, -0.20106958707642086, -0.18833250861576967, -0.21225856408826282
