GradientBoosting, RandomForest, XGBoost, DeepGBoost, diff_DeepGBoost_vs_GradientBoosting, diff_DeepGBoost_vs_RandomForest, diff_DeepGBoost_vs_XGBoost
0.8985567634998505, 0.8965051414445677, 0.9031094241842965, 0.8281921867125833, -0.07036457678726715, -0.0683129547319844, -0.0749172374717132
0.8920357901855162, 0.8943227728785142, 0.9000916782763674, 0.8281921867125833, -0.06384360347293283, -0.06613058616593093, -0.07189949156378406
0.8917282992672577, 0.8954849047598984, 0.8966500483685305, 0.8281921867125833, -0.0635361125546744, -0.06729271804731507, -0.06845786165594714
0.8936367211353741, 0.8957537724428295, 0.9003020024834757, 0.8281921867125833, -0.06544453442279075, -0.06756158573024618, -0.07210981577089237
0.8970851474909382, 0.8978894308718224, 0.9059366888254482, 0.8281921867125833, -0.06889296077835483, -0.06969724415923906, -0.07774450211286488
