GradientBoosting, RandomForest, XGBoost, DeepGBoost, diff_DeepGBoost_vs_GradientBoosting, diff_DeepGBoost_vs_RandomForest, diff_DeepGBoost_vs_XGBoost
0.8447744113043628, 0.8830933123824611, 0.8905934691429138, 0.8948691595745886, 0.05009474827022575, 0.011775847192127431, 0.00427569043167475
0.8489968057728849, 0.8819553054804284, 0.8880781531333923, 0.8919536260645801, 0.04295682029169512, 0.009998320584151621, 0.003875472931187729
0.8436820492782693, 0.8820098731382073, 0.8896605372428894, 0.890012927388211, 0.04633087810994174, 0.008003054250003694, 0.0003523901453216238
0.8499604876750148, 0.8820216131857715, 0.8937640190124512, 0.8990841999984366, 0.04912371232342183, 0.017062586812665037, 0.005320180985985412
0.8295533797139251, 0.8684874600595593, 0.8752773404121399, 0.8847136631315959, 0.055160283417670875, 0.016226203072036594, 0.009436322719456047
