model_1, model_2, model_3, differences_1, differences_2
0.849051635761926, 0.8845477049468657, [0.89407357 0.89855704 0.89594484 0.89044963 0.88745876], [0.04502194 0.0495054  0.0468932  0.04139799 0.03840713], [0.00952587 0.01400933 0.01139714 0.00590193 0.00291106]
0.8469189391037669, 0.8872504417477594, [0.89407357 0.89855704 0.89594484 0.89044963 0.88745876], [0.04715463 0.0516381  0.0490259  0.04353069 0.04053982], [0.00682313 0.0113066  0.0086944  0.00319919 0.00020832]
0.85365864229181, 0.8868678088820343, [0.89407357 0.89855704 0.89594484 0.89044963 0.88745876], [0.04041493 0.0448984  0.0422862  0.03679099 0.03380012], [0.00720576 0.01168923 0.00907703 0.00358182 0.00059095]
0.8469154932072728, 0.8815096011579331, [0.89407357 0.89855704 0.89594484 0.89044963 0.88745876], [0.04715808 0.05164155 0.04902935 0.04353414 0.04054327], [0.01256397 0.01704744 0.01443524 0.00894003 0.00594916]
0.8401822340125317, 0.8735074731583566, [0.89407357 0.89855704 0.89594484 0.89044963 0.88745876], [0.05389134 0.05837481 0.05576261 0.0502674  0.04727653], [0.0205661  0.02504957 0.02243737 0.01694216 0.01395129]
