GradientBoosting, RandomForest, XGBoost, DeepGBoost, diff_DeepGBoost_vs_GradientBoosting, diff_DeepGBoost_vs_RandomForest, diff_DeepGBoost_vs_XGBoost
0.8643509543767598, 0.8896636860798828, 0.8941982388496399, 0.9010781703009857, 0.0367272159242259, 0.011414484221102916, 0.0068799314513458
0.8449719934980728, 0.877947123689488, 0.8903787732124329, 0.8915628824481184, 0.046590888950045595, 0.013615758758630414, 0.001184109235685571
0.8382675956587117, 0.8633692996579505, 0.876000702381134, 0.8753113889773033, 0.037043793318591645, 0.011942089319352811, -0.0006893134038307158
0.846859455883885, 0.8823384480489052, 0.8847522139549255, 0.891285332761425, 0.04442587687753996, 0.00894688471251981, 0.006533118806499427
0.8515164727793118, 0.894177285625833, 0.8961244821548462, 0.9041620902011253, 0.052645617421813506, 0.009984804575292272, 0.008037608046279066
