GradientBoosting, RandomForest, XGBoost, DeepGBoost, diff_DeepGBoost_vs_GradientBoosting, diff_DeepGBoost_vs_RandomForest, diff_DeepGBoost_vs_XGBoost
0.7746165241061111, 0.819407580208819, 0.8313932016540263, 0.8301465459390963, 0.055530021832985166, 0.010738965730277328, -0.0012466557149299895
0.7731818088333308, 0.8172646609875882, 0.82794323003473, 0.8274302961752256, 0.0542484873418948, 0.010165635187637356, -0.0005129338595044608
0.766590750070346, 0.8167009188846662, 0.8245639010567554, 0.825098341191841, 0.05850759112149495, 0.008397422307174773, 0.0005344401350856343
0.7752834859329077, 0.815427443009795, 0.8244817676024817, 0.8262745789619088, 0.05099109302900107, 0.01084713595211384, 0.0017928113594271045
0.7579494916887226, 0.8149366807661483, 0.8246984785677117, 0.8200978699223817, 0.06214837823365904, 0.0051611891562333145, -0.004600608645330073
