model_1, model_2, model_3, differences_1, differences_2
0.9999481319511982, 0.9999678872594757, [0.99990852 0.99997655 0.99994825 0.99998487 0.99990764], [-3.96112990e-05  2.84209437e-05  1.21734568e-07  3.67418192e-05
 -4.04953918e-05], [-5.93666073e-05  8.66563540e-06 -1.96335737e-05  1.69865110e-05
 -6.02507000e-05]
0.9996769034891578, 0.9999967062667784, [0.99990852 0.99997655 0.99994825 0.99998487 0.99990764], [0.00023162 0.00029965 0.00027135 0.00030797 0.00023073], [-8.81856146e-05 -2.01533719e-05 -4.84525810e-05 -1.18324963e-05
 -8.90697073e-05]
0.9999809792629011, 0.9999543340446265, [0.99990852 0.99997655 0.99994825 0.99998487 0.99990764], [-7.24586107e-05 -4.42636803e-06 -3.27255771e-05  3.89450753e-06
 -7.33427035e-05], [-4.58133925e-05  2.22188502e-05 -6.08035886e-06  3.05397258e-05
 -4.66974852e-05]
0.999999999294065, 0.999994932866987, [0.99990852 0.99997655 0.99994825 0.99998487 0.99990764], [-9.14786419e-05 -2.34463992e-05 -5.17456083e-05 -1.51255236e-05
 -9.23627346e-05], [-8.64122148e-05 -1.83799721e-05 -4.66791812e-05 -1.00590966e-05
 -8.72963076e-05]
0.9999452764398506, 0.9999415166338811, [0.99990852 0.99997655 0.99994825 0.99998487 0.99990764], [-3.67557877e-05  3.12764550e-05  2.97724592e-06  3.95973306e-05
 -3.76398804e-05], [-3.29959817e-05  3.50362610e-05  6.73705189e-06  4.33571366e-05
 -3.38800744e-05]
