GradientBoosting, RandomForest, XGBoost, DeepGBoost, diff_DeepGBoost_vs_GradientBoosting, diff_DeepGBoost_vs_RandomForest, diff_DeepGBoost_vs_XGBoost
0.9999718218191384, 0.9999924470836244, 1.0, 0.9999900106903269, 1.818887118854029e-05, -2.436393297555739e-06, -9.989309673108515e-06
0.9999532194784467, 0.9999939547031919, 1.0, 0.9999756700312826, 2.2450552835895365e-05, -1.828467190923e-05, -2.4329968717373696e-05
0.9999979856788836, 0.99995753126916, 1.0, 0.9999834001226129, -1.4585556270763078e-05, 2.5868853452903906e-05, -1.6599877387113438e-05
0.9999999992944616, 0.999998208781693, 1.0, 0.9999869122097693, -1.308708469227593e-05, -1.1296571923669063e-05, -1.3087790230681406e-05
0.9998842336498944, 0.9999840829843366, 1.0, 0.9999831868560471, 9.895320615271874e-05, -8.961282894626166e-07, -1.6813143952854048e-05
