model_1, model_2, model_3, differences_1, differences_2
0.905229188509922, 0.9111634426734783, [0.9461274  0.938447   0.9497062  0.89582653 0.9256818 ], [ 0.04089821  0.03321781  0.04447701 -0.00940266  0.02045261], [ 0.03496396  0.02728356  0.03854276 -0.01533691  0.01451836]
0.9030486304388791, 0.9156669975866635, [0.9461274  0.938447   0.9497062  0.89582653 0.9256818 ], [ 0.04307877  0.03539837  0.04665757 -0.0072221   0.02263317], [ 0.0304604   0.02278     0.0340392  -0.01984047  0.0100148 ]
0.905390630346006, 0.9166904494357362, [0.9461274  0.938447   0.9497062  0.89582653 0.9256818 ], [ 0.04073677  0.03305637  0.04431557 -0.0095641   0.02029117], [ 0.02943695  0.02175655  0.03301575 -0.02086392  0.00899135]
0.8968117389415684, 0.8445644302385329, [0.9461274  0.938447   0.9497062  0.89582653 0.9256818 ], [ 0.04931566  0.04163526  0.05289446 -0.00098521  0.02887006], [0.10156297 0.09388257 0.10514177 0.0512621  0.08111737]
0.886747214201702, 0.8891485639012211, [0.9461274  0.938447   0.9497062  0.89582653 0.9256818 ], [0.05938019 0.05169979 0.06295899 0.00907932 0.03893459], [0.05697884 0.04929844 0.06055764 0.00667797 0.03653324]
