GradientBoosting, RandomForest, XGBoost, DeepGBoost, diff_DeepGBoost_vs_GradientBoosting, diff_DeepGBoost_vs_RandomForest, diff_DeepGBoost_vs_XGBoost
0.9061000926219601, 0.9080543391881771, 0.9308363608077797, 0.9407972740217536, 0.0346971813997935, 0.03274293483357649, 0.009960913213973965
0.9197157942019284, 0.9247777606819041, 0.9409297163290179, 0.9577550042479508, 0.0380392100460224, 0.0329772435660467, 0.016825287918932896
0.9036501353052996, 0.8925670769682299, 0.9244679410403712, 0.9314665823733859, 0.02781644706808628, 0.038899505405155965, 0.0069986413330146435
0.897937308667486, 0.9082591458646122, 0.9144874287405091, 0.9236480578869464, 0.02571074921946037, 0.015388912022334167, 0.009160629146437227
0.903888356015491, 0.9174346747379678, 0.9265657593466823, 0.9427033796649665, 0.03881502364947553, 0.02526870492699873, 0.01613762031828425
