GradientBoosting, RandomForest, XGBoost, DeepGBoost, diff_DeepGBoost_vs_GradientBoosting, diff_DeepGBoost_vs_RandomForest, diff_DeepGBoost_vs_XGBoost
0.8496412691490602, 0.9923134216936255, 0.9853821210893323, 0.9957216387475281, 0.14608036959846782, 0.0034082170539025958, 0.01033951765819574
0.8620897674146185, 0.9951732595477073, 0.9870495311197914, 0.99706677161636, 0.13497700420174152, 0.0018935120686527362, 0.010017240496568602
0.8541641606019816, 0.9943496707228687, 0.9883580427812538, 0.996758869622973, 0.14259470902099136, 0.00240919890010427, 0.008400826841719167
0.8533991106432643, 0.9934163475271239, 0.986269240829234, 0.9965556413230929, 0.1431565306798286, 0.0031392937959690004, 0.010286400493858983
0.8571012214618908, 0.9948304337058183, 0.986625030949025, 0.996840621093788, 0.1397393996318972, 0.002010187387969764, 0.010215590144763032
