model_1, model_2, model_3, differences_1, differences_2
0.8613313650874845, 0.9941693741917583, [0.99686379 0.99678799 0.9968095  0.99708384 0.99557168], [0.13553242 0.13545663 0.13547813 0.13575247 0.13424032], [0.00269441 0.00261862 0.00264012 0.00291446 0.00140231]
0.8507022829961173, 0.9938936508928479, [0.99686379 0.99678799 0.9968095  0.99708384 0.99557168], [0.14616151 0.14608571 0.14610721 0.14638156 0.1448694 ], [0.00297014 0.00289434 0.00291585 0.00319019 0.00167803]
0.8702893828998074, 0.9949868275967998, [0.99686379 0.99678799 0.9968095  0.99708384 0.99557168], [0.12657441 0.12649861 0.12652011 0.12679446 0.1252823 ], [0.00187696 0.00180116 0.00182267 0.00209701 0.00058485]
0.862821470582539, 0.9950033766100277, [0.99686379 0.99678799 0.9968095  0.99708384 0.99557168], [0.13404232 0.13396652 0.13398803 0.13426237 0.13275021], [0.00186041 0.00178461 0.00180612 0.00208046 0.00056831]
0.8529382081549244, 0.9939825378775724, [0.99686379 0.99678799 0.9968095  0.99708384 0.99557168], [0.14392558 0.14384978 0.14387129 0.14414563 0.14263347], [0.00288125 0.00280545 0.00282696 0.0031013  0.00158914]
