GradientBoosting, RandomForest, XGBoost, DeepGBoost, diff_DeepGBoost_vs_GradientBoosting, diff_DeepGBoost_vs_RandomForest, diff_DeepGBoost_vs_XGBoost
0.8519907215785437, 0.9919238273448785, 0.9853721324433594, 0.993782421628416, 0.1417917000498723, 0.001858594283537518, 0.008410289185056596
0.8621101737987018, 0.9938991418432241, 0.9876904417966577, 0.9963628691405345, 0.1342526953418327, 0.0024637272973103697, 0.008672427343876854
0.855464447063823, 0.993087940064905, 0.9870718992201386, 0.9967050201151376, 0.14124057305131466, 0.003617080050232646, 0.009633120894999014
0.8636988648328534, 0.9935364487295076, 0.9868410331357039, 0.9960452789625606, 0.13234641412970716, 0.0025088302330529277, 0.009204245826856639
0.8521725367050355, 0.9922345018791733, 0.9866149725107862, 0.9957983891119458, 0.1436258524069104, 0.003563887232772567, 0.009183416601159622
