GradientBoosting, RandomForest, XGBoost, DeepGBoost, diff_DeepGBoost_vs_GradientBoosting, diff_DeepGBoost_vs_RandomForest, diff_DeepGBoost_vs_XGBoost
0.8474381564760046, 0.993854924974157, 0.9871654219034368, 0.9967703861512262, 0.14933222967522153, 0.0029154611770692007, 0.009604964247789338
0.8589326460359036, 0.9944392242890254, 0.9867738137543303, 0.9973876838226632, 0.1384550377867596, 0.0029484595336377595, 0.01061387006833292
0.859185714662389, 0.994467860380836, 0.9881059792579108, 0.9969213383289933, 0.1377356236666043, 0.002453477948157312, 0.008815359071082551
0.8604041658001547, 0.9949976129402411, 0.9878174102004719, 0.9968571408775355, 0.13645297507738086, 0.0018595279372943807, 0.009039730677063651
0.8550576790083364, 0.9934909331152324, 0.987815933951297, 0.996208352694497, 0.14115067368616063, 0.002717419579264635, 0.00839241874320007
