GradientBoosting, RandomForest, XGBoost, DeepGBoost, diff_DeepGBoost_vs_GradientBoosting, diff_DeepGBoost_vs_RandomForest, diff_DeepGBoost_vs_XGBoost
0.9790373113182105, 0.9849527087969436, 0.9834333062171936, 0.9868970709544493, 0.007859759636238861, 0.001944362157505708, 0.0034637647372557367
0.9797468005902031, 0.9864150510876805, 0.986716628074646, 0.9887770163691826, 0.009030215778979445, 0.002361965281502121, 0.002060388294536586
0.9789109083711192, 0.9843655836801083, 0.9834875464439392, 0.9860933300305231, 0.00718242165940397, 0.0017277463504148383, 0.0026057835865839207
0.9861459779309787, 0.9895269008746251, 0.9894659519195557, 0.992147737461062, 0.006001759530083306, 0.002620836586436859, 0.002681785541506332
0.9798844454950111, 0.9839612974498921, 0.984652042388916, 0.985894455073516, 0.006010009578504949, 0.0019331576236238934, 0.0012424126846000139
