model_1, model_2, model_3, differences_1, differences_2
0.9820067082073566, 0.9876644752525826, [0.98747034 0.99366413 0.99337338 0.99382124 0.99280391], [0.00546363 0.01165742 0.01136667 0.01181454 0.0107972 ], [-0.00019413  0.00599966  0.0057089   0.00615677  0.00513943]
0.9876214781787354, 0.9930133201310077, [0.98747034 0.99366413 0.99337338 0.99382124 0.99280391], [-0.00015114  0.00604265  0.0057519   0.00619977  0.00518243], [-0.00554298  0.00065081  0.00036006  0.00080792 -0.00020941]
0.9877728257661889, 0.9929868974378611, [0.98747034 0.99366413 0.99337338 0.99382124 0.99280391], [-0.00030248  0.00589131  0.00560055  0.00604842  0.00503108], [-0.00551655  0.00067723  0.00038648  0.00083435 -0.00018299]
0.9885378565017714, 0.9939508665833425, [0.98747034 0.99366413 0.99337338 0.99382124 0.99280391], [-0.00106751  0.00512628  0.00483552  0.00528339  0.00426605], [-0.00648052 -0.00028673 -0.00057749 -0.00012962 -0.00114696]
0.985824600708822, 0.9924341430326862, [0.98747034 0.99366413 0.99337338 0.99382124 0.99280391], [0.00164574 0.00783953 0.00754878 0.00799664 0.00697931], [-0.0049638   0.00122999  0.00093924  0.0013871   0.00036976]
