model_1, model_2, model_3, differences_1, differences_2
0.8461800208524399, 0.8572565744131414, [0.85513578 0.86306022 0.83921577 0.82795832 0.85981339], [ 0.00895576  0.0168802  -0.00696425 -0.0182217   0.01363337], [-0.00212079  0.00580364 -0.01804081 -0.02929825  0.00255682]
0.8476785710503489, 0.8547906388325197, [0.85513578 0.86306022 0.83921577 0.82795832 0.85981339], [ 0.00745721  0.01538165 -0.0084628  -0.01972025  0.01213482], [ 0.00034514  0.00826958 -0.01557487 -0.02683232  0.00502275]
0.8343580922652019, 0.8354711402233359, [0.85513578 0.86306022 0.83921577 0.82795832 0.85981339], [ 0.02077769  0.02870213  0.00485768 -0.00639977  0.0254553 ], [ 0.01966464  0.02758908  0.00374463 -0.00751282  0.02434225]
0.816400928899716, 0.8220241090512174, [0.85513578 0.86306022 0.83921577 0.82795832 0.85981339], [0.03873485 0.04665929 0.02281484 0.01155739 0.04341246], [0.03311167 0.04103611 0.01719166 0.00593421 0.03778928]
0.8506883372299766, 0.849929098452858, [0.85513578 0.86306022 0.83921577 0.82795832 0.85981339], [ 0.00444745  0.01237188 -0.01147257 -0.02273001  0.00912505], [ 0.00520668  0.01313112 -0.01071333 -0.02197078  0.00988429]
