GradientBoosting, RandomForest, XGBoost, DeepGBoost, diff_DeepGBoost_vs_GradientBoosting, diff_DeepGBoost_vs_RandomForest, diff_DeepGBoost_vs_XGBoost
0.8390499897752705, 0.8516711547239103, 0.8417530129749629, 0.8567925449349715, 0.017742555159701023, 0.005121390211061172, 0.015039531960008623
0.8254468828537452, 0.8302388927766422, 0.8229127448353131, 0.836540506031911, 0.011093623178165757, 0.00630161325526879, 0.01362776119659792
0.8355051658393867, 0.8502634081806941, 0.8475918489960012, 0.8512821983395095, 0.015777032500122745, 0.0010187901588153414, 0.0036903493435083146
0.8453857528879275, 0.8484436262388242, 0.8462193197629331, 0.8585546271460779, 0.013168874258150387, 0.010111000907253698, 0.012335307383144811
0.8529466385384217, 0.8592485338260395, 0.8555451535245132, 0.8620187327852593, 0.009072094246837636, 0.002770198959219816, 0.0064735792607460985
