GradientBoosting, RandomForest, XGBoost, DeepGBoost, diff_DeepGBoost_vs_GradientBoosting, diff_DeepGBoost_vs_RandomForest, diff_DeepGBoost_vs_XGBoost
1.0, 0.988183766657348, 0.9649790635706127, 0.9632533365252258, -0.03674666347477418, -0.02493043013212215, -0.0017257270453868712
0.988183766657348, 1.0, 1.0, 0.9879942279942281, -0.00018953866311988143, -0.012005772005771909, -0.012005772005771909
0.9881644183096968, 1.0, 1.0, 0.9880737153618511, -9.07029478457444e-05, -0.011926284638148932, -0.011926284638148932
0.9879942279942281, 0.9757597117794486, 0.9879942279942281, 0.9632533365252258, -0.02474089146900227, -0.012506375254222823, -0.02474089146900227
0.988183766657348, 1.0, 0.988183766657348, 0.9632533365252258, -0.02493043013212215, -0.03674666347477418, -0.02493043013212215
