GradientBoosting, RandomForest, XGBoost, DeepGBoost, diff_DeepGBoost_vs_GradientBoosting, diff_DeepGBoost_vs_RandomForest, diff_DeepGBoost_vs_XGBoost
0.867416625810778, 0.9240611276870744, 0.9196674377658206, 0.9226056838423008, 0.05518905803152274, -0.0014554438447735851, 0.0029382460764801888
0.8708389794260072, 0.9268138455436881, 0.9246996146257473, 0.9280589418352329, 0.057219962409225666, 0.0012450962915447894, 0.0033593272094855076
0.8614986243574272, 0.9228077544702413, 0.9180377747887944, 0.9224906672615618, 0.060992042904134625, -0.0003170872086795118, 0.004452892472767367
0.8679127878057291, 0.9221561220906689, 0.9166720424168235, 0.9203731434823839, 0.052460355676654746, -0.001782978608285024, 0.0037011010655603194
0.8629052885353545, 0.9188612659667221, 0.9127207641901827, 0.9163862712693324, 0.05348098273397783, -0.002474994697389765, 0.003665507079149699
