GradientBoosting, RandomForest, XGBoost, DeepGBoost, diff_DeepGBoost_vs_GradientBoosting, diff_DeepGBoost_vs_RandomForest, diff_DeepGBoost_vs_XGBoost
0.8620970317548555, 0.9289261396568551, 0.9230422917010654, 0.927958242366844, 0.06586121061198846, -0.0009678972900111216, 0.004915950665778546
0.8601017927690305, 0.9239397292463072, 0.9167985249677201, 0.9223674522938439, 0.06226565952481333, -0.001572276952463314, 0.005568927326123796
0.8541698522110844, 0.9145337901862237, 0.9138486690283948, 0.9163322448202104, 0.06216239260912593, 0.0017984546339866458, 0.002483575791815573
0.8673799825734448, 0.9273882520115616, 0.9222961019935094, 0.9244356015517607, 0.0570556189783159, -0.002952650459800865, 0.002139499558251323
0.8611852633522613, 0.923038954302476, 0.9207088261494352, 0.9222781736151562, 0.06109291026289487, -0.0007607806873197731, 0.001569347465721016
