model_1, model_2, model_3, differences_1, differences_2
0.8706293182194781, 0.929700537778273, [0.93011371 0.92471415 0.92139717 0.91818502 0.91914483], [0.05948439 0.05408483 0.05076785 0.0475557  0.04851551], [ 0.00041317 -0.00498639 -0.00830337 -0.01151552 -0.01055571]
0.8626177487635636, 0.9236792774680778, [0.93011371 0.92471415 0.92139717 0.91818502 0.91914483], [0.06749596 0.0620964  0.05877942 0.05556727 0.05652708], [ 0.00643443  0.00103487 -0.00228211 -0.00549426 -0.00453445]
0.8621479010976885, 0.9224806460526109, [0.93011371 0.92471415 0.92139717 0.91818502 0.91914483], [0.06796581 0.06256625 0.05924927 0.05603711 0.05699693], [ 0.00763306  0.0022335  -0.00108348 -0.00429563 -0.00333582]
0.857845043213415, 0.9212476967206567, [0.93011371 0.92471415 0.92139717 0.91818502 0.91914483], [0.07226867 0.06686911 0.06355213 0.06033997 0.06129978], [ 0.00886601  0.00346645  0.00014947 -0.00306268 -0.00210287]
0.8575723828882043, 0.92151434646546, [0.93011371 0.92471415 0.92139717 0.91818502 0.91914483], [0.07254133 0.06714177 0.06382479 0.06061263 0.06157244], [ 0.00859936  0.0031998  -0.00011718 -0.00332933 -0.00236952]
