GradientBoosting, RandomForest, XGBoost, DeepGBoost, diff_DeepGBoost_vs_GradientBoosting, diff_DeepGBoost_vs_RandomForest, diff_DeepGBoost_vs_XGBoost
0.8704909237776401, 0.9128874111580628, 0.9374236007459198, 0.9362737265431554, 0.06578280276551529, 0.023386315385092615, -0.001149874202764356
0.8679467636404067, 0.9143516681407138, 0.9364725358062453, 0.9329011280553798, 0.06495436441497315, 0.018549459914666055, -0.0035714077508655073
0.8534927949388849, 0.8971553206492255, 0.9274453411951251, 0.9236005106037661, 0.07010771566488128, 0.026445189954540593, -0.003844830591358983
0.8631870357191754, 0.9064852070482069, 0.9285834057519272, 0.9288524756348318, 0.06566543991565632, 0.022367268586624856, 0.0002690698829045379
0.8599953910715958, 0.9081559176596059, 0.9311864492862569, 0.9317866852492874, 0.07179129417769159, 0.023630767589681523, 0.0006002359630304932
