model_1, model_2, model_3, differences_1, differences_2
0.8548378205946547, 0.9051284948608109, [0.93005973 0.92936828 0.93650059 0.9378162  0.92936536], [0.0752219  0.07453046 0.08166277 0.08297838 0.07452754], [0.02493123 0.02423978 0.0313721  0.03268771 0.02423687]
0.8539836967921548, 0.9077193846796251, [0.93005973 0.92936828 0.93650059 0.9378162  0.92936536], [0.07607603 0.07538458 0.08251689 0.08383251 0.07538166], [0.02234034 0.02164889 0.02878121 0.03009682 0.02164598]
0.8729372508273732, 0.9119283824559784, [0.93005973 0.92936828 0.93650059 0.9378162  0.92936536], [0.05712247 0.05643102 0.06356334 0.06487895 0.05642811], [0.01813134 0.01743989 0.02457221 0.02588782 0.01743698]
0.8792599193959946, 0.919628536097322, [0.93005973 0.92936828 0.93650059 0.9378162  0.92936536], [0.05079981 0.05010836 0.05724067 0.05855628 0.05010544], [0.01043119 0.00973974 0.01687205 0.01818767 0.00973682]
0.864613664536417, 0.9070153945918673, [0.93005973 0.92936828 0.93650059 0.9378162  0.92936536], [0.06544606 0.06475461 0.07188693 0.07320254 0.0647517 ], [0.02304433 0.02235288 0.0294852  0.03080081 0.02234997]
