GradientBoosting, RandomForest, XGBoost, DeepGBoost, diff_DeepGBoost_vs_GradientBoosting, diff_DeepGBoost_vs_RandomForest, diff_DeepGBoost_vs_XGBoost
0.8568740847781291, 0.9045852825462654, 0.9307744078304843, 0.9257877680048436, 0.06891368322671454, 0.02120248545857828, -0.004986639825640626
0.8679550171427582, 0.9114481851219363, 0.9372022960412882, 0.9344412363705282, 0.06648621922776998, 0.022993051248591967, -0.0027610596707600132
0.8606362319675845, 0.9042344713139467, 0.9283942906941247, 0.9257360122329796, 0.06509978026539509, 0.02150154091903289, -0.0026582784611450805
0.8649026570598063, 0.9057337320945846, 0.936095571018213, 0.9295393033577608, 0.06463664629795451, 0.023805571263176173, -0.006556267660452142
0.8616036519344867, 0.9054262788440761, 0.9304209053763327, 0.9294137062799295, 0.06781005434544274, 0.02398742743585336, -0.001007199096403233
