GradientBoosting, RandomForest, XGBoost, DeepGBoost, diff_DeepGBoost_vs_GradientBoosting, diff_DeepGBoost_vs_RandomForest, diff_DeepGBoost_vs_XGBoost
0.4348708615910757, 0.5050929740962342, 0.44805651903152466, 0.4722149587111584, 0.03734409712008269, -0.03287801538507584, 0.024158439679633714
0.4434356573483341, 0.5022295989984444, 0.3894628882408142, 0.4742197984508655, 0.03078414110253136, -0.028009800547578956, 0.08475691021005127
0.43696933231226787, 0.486465369282322, 0.45224839448928833, 0.46318011412417237, 0.026210781811904504, -0.02328525515814961, 0.01093171963488404
0.38097887348199544, 0.41516132281964646, 0.4132224917411804, 0.4330618178015335, 0.05208294431953808, 0.01790049498188706, 0.019839326060353102
0.43869836675806884, 0.4723619199878193, 0.4040300250053406, 0.47589182610782754, 0.037193459349758706, 0.0035299061200082527, 0.07186180110248697
