model_1, model_2, model_3, differences_1, differences_2
0.4340379747752956, 0.4669494699744444, [0.45109888 0.50998779 0.44094046 0.46304669 0.43781214], [0.0170609  0.07594981 0.00690249 0.02900872 0.00377416], [-0.01585059  0.04303832 -0.02600901 -0.00390278 -0.02913733]
0.45048061474130896, 0.5334149641839911, [0.45109888 0.50998779 0.44094046 0.46304669 0.43781214], [ 0.00061826  0.05950717 -0.00954015  0.01256608 -0.01266848], [-0.08231609 -0.02342718 -0.0924745  -0.07036827 -0.09560282]
0.4025353381696549, 0.4455260542946857, [0.45109888 0.50998779 0.44094046 0.46304669 0.43781214], [0.04856354 0.10745245 0.03840513 0.06051136 0.0352768 ], [ 0.00557282  0.06446173 -0.00458559  0.01752064 -0.00771391]
0.39836204413650833, 0.5128422711625398, [0.45109888 0.50998779 0.44094046 0.46304669 0.43781214], [0.05273683 0.11162574 0.04257842 0.06468465 0.0394501 ], [-0.0617434  -0.00285448 -0.07190181 -0.04979558 -0.07503013]
0.4231359408128236, 0.4818970146896224, [0.45109888 0.50998779 0.44094046 0.46304669 0.43781214], [0.02796294 0.08685185 0.01780452 0.03991075 0.0146762 ], [-0.03079814  0.02809077 -0.04095655 -0.01885032 -0.04408488]
